id,type,dc\.identifier,inScheme,notation,prefLabel,topConceptOf,definition,hasTopConcept,note
https://data.bodemenondergrond.vlaanderen.be/id/concept/observatieproceduretype/0,http://www.w3.org/2004/02/skos/core#Concept,be.vlaanderen.bodemenondergrond.data.id.concept.observatieproceduretype.0,https://data.bodemenondergrond.vlaanderen.be/id/conceptscheme/observatieproceduretype,0,Onbekend,https://data.bodemenondergrond.vlaanderen.be/id/conceptscheme/observatieproceduretype,null,null,null
https://data.bodemenondergrond.vlaanderen.be/id/concept/observatieproceduretype/1,http://www.w3.org/2004/02/skos/core#Concept,be.vlaanderen.bodemenondergrond.data.id.concept.observatieproceduretype.1,https://data.bodemenondergrond.vlaanderen.be/id/conceptscheme/observatieproceduretype,1,Geleidbaarheidsmeter,https://data.bodemenondergrond.vlaanderen.be/id/conceptscheme/observatieproceduretype,null,null,null
https://data.bodemenondergrond.vlaanderen.be/id/concept/observatieproceduretype/10,http://www.w3.org/2004/02/skos/core#Concept,be.vlaanderen.bodemenondergrond.data.id.concept.observatieproceduretype.10,https://data.bodemenondergrond.vlaanderen.be/id/conceptscheme/observatieproceduretype,10,FAAS,https://data.bodemenondergrond.vlaanderen.be/id/conceptscheme/observatieproceduretype,null,null,null
https://data.bodemenondergrond.vlaanderen.be/id/concept/observatieproceduretype/11,http://www.w3.org/2004/02/skos/core#Concept,be.vlaanderen.bodemenondergrond.data.id.concept.observatieproceduretype.11,https://data.bodemenondergrond.vlaanderen.be/id/conceptscheme/observatieproceduretype,11,MS,https://data.bodemenondergrond.vlaanderen.be/id/conceptscheme/observatieproceduretype,null,null,null
https://data.bodemenondergrond.vlaanderen.be/id/concept/observatieproceduretype/110,http://www.w3.org/2004/02/skos/core#Concept,be.vlaanderen.bodemenondergrond.data.id.concept.observatieproceduretype.110,https://data.bodemenondergrond.vlaanderen.be/id/conceptscheme/observatieproceduretype,110,Zeving op massa met grootte <= 2mm (fijnkorrelig),https://data.bodemenondergrond.vlaanderen.be/id/conceptscheme/observatieproceduretype,null,null,null
https://data.bodemenondergrond.vlaanderen.be/id/concept/observatieproceduretype/111,http://www.w3.org/2004/02/skos/core#Concept,be.vlaanderen.bodemenondergrond.data.id.concept.observatieproceduretype.111,https://data.bodemenondergrond.vlaanderen.be/id/conceptscheme/observatieproceduretype,111,Hydrometer met ijking Geotechniek,https://data.bodemenondergrond.vlaanderen.be/id/conceptscheme/observatieproceduretype,null,null,null
https://data.bodemenondergrond.vlaanderen.be/id/concept/observatieproceduretype/112,http://www.w3.org/2004/02/skos/core#Concept,be.vlaanderen.bodemenondergrond.data.id.concept.observatieproceduretype.112,https://data.bodemenondergrond.vlaanderen.be/id/conceptscheme/observatieproceduretype,112,D.m.v. Laserdiffractie,https://data.bodemenondergrond.vlaanderen.be/id/conceptscheme/observatieproceduretype,null,null,null
https://data.bodemenondergrond.vlaanderen.be/id/concept/observatieproceduretype/113,http://www.w3.org/2004/02/skos/core#Concept,be.vlaanderen.bodemenondergrond.data.id.concept.observatieproceduretype.113,https://data.bodemenondergrond.vlaanderen.be/id/conceptscheme/observatieproceduretype,113,Hydrometer,https://data.bodemenondergrond.vlaanderen.be/id/conceptscheme/observatieproceduretype,null,null,null
https://data.bodemenondergrond.vlaanderen.be/id/concept/observatieproceduretype/115,http://www.w3.org/2004/02/skos/core#Concept,be.vlaanderen.bodemenondergrond.data.id.concept.observatieproceduretype.115,https://data.bodemenondergrond.vlaanderen.be/id/conceptscheme/observatieproceduretype,115,Bepaling vloeigrens d.m.v. apparaat van Casagrande,https://data.bodemenondergrond.vlaanderen.be/id/conceptscheme/observatieproceduretype,null,null,null
https://data.bodemenondergrond.vlaanderen.be/id/concept/observatieproceduretype/116,http://www.w3.org/2004/02/skos/core#Concept,be.vlaanderen.bodemenondergrond.data.id.concept.observatieproceduretype.116,https://data.bodemenondergrond.vlaanderen.be/id/conceptscheme/observatieproceduretype,116,Bepaling vloeigrens d.m.v. de valconus,https://data.bodemenondergrond.vlaanderen.be/id/conceptscheme/observatieproceduretype,null,null,null
https://data.bodemenondergrond.vlaanderen.be/id/concept/observatieproceduretype/117,http://www.w3.org/2004/02/skos/core#Concept,be.vlaanderen.bodemenondergrond.data.id.concept.observatieproceduretype.117,https://data.bodemenondergrond.vlaanderen.be/id/conceptscheme/observatieproceduretype,117,Bepaling van de uitrolgrens,https://data.bodemenondergrond.vlaanderen.be/id/conceptscheme/observatieproceduretype,null,null,null
https://data.bodemenondergrond.vlaanderen.be/id/concept/observatieproceduretype/118,http://www.w3.org/2004/02/skos/core#Concept,be.vlaanderen.bodemenondergrond.data.id.concept.observatieproceduretype.118,https://data.bodemenondergrond.vlaanderen.be/id/conceptscheme/observatieproceduretype,118,Volumieke massa door weging,https://data.bodemenondergrond.vlaanderen.be/id/conceptscheme/observatieproceduretype,null,null,null
https://data.bodemenondergrond.vlaanderen.be/id/concept/observatieproceduretype/119,http://www.w3.org/2004/02/skos/core#Concept,be.vlaanderen.bodemenondergrond.data.id.concept.observatieproceduretype.119,https://data.bodemenondergrond.vlaanderen.be/id/conceptscheme/observatieproceduretype,119,Gewichtsverlies na drogen in droogstoof,https://data.bodemenondergrond.vlaanderen.be/id/conceptscheme/observatieproceduretype,null,null,null
https://data.bodemenondergrond.vlaanderen.be/id/concept/observatieproceduretype/12,http://www.w3.org/2004/02/skos/core#Concept,be.vlaanderen.bodemenondergrond.data.id.concept.observatieproceduretype.12,https://data.bodemenondergrond.vlaanderen.be/id/conceptscheme/observatieproceduretype,12,GCMS,https://data.bodemenondergrond.vlaanderen.be/id/conceptscheme/observatieproceduretype,null,null,null
https://data.bodemenondergrond.vlaanderen.be/id/concept/observatieproceduretype/120,http://www.w3.org/2004/02/skos/core#Concept,be.vlaanderen.bodemenondergrond.data.id.concept.observatieproceduretype.120,https://data.bodemenondergrond.vlaanderen.be/id/conceptscheme/observatieproceduretype,120,Gaspyknometer,https://data.bodemenondergrond.vlaanderen.be/id/conceptscheme/observatieproceduretype,null,null,null
https://data.bodemenondergrond.vlaanderen.be/id/concept/observatieproceduretype/13,http://www.w3.org/2004/02/skos/core#Concept,be.vlaanderen.bodemenondergrond.data.id.concept.observatieproceduretype.13,https://data.bodemenondergrond.vlaanderen.be/id/conceptscheme/observatieproceduretype,13,GC,https://data.bodemenondergrond.vlaanderen.be/id/conceptscheme/observatieproceduretype,null,null,null
https://data.bodemenondergrond.vlaanderen.be/id/concept/observatieproceduretype/134,http://www.w3.org/2004/02/skos/core#Concept,be.vlaanderen.bodemenondergrond.data.id.concept.observatieproceduretype.134,https://data.bodemenondergrond.vlaanderen.be/id/conceptscheme/observatieproceduretype,134,d.m.v. trechter,https://data.bodemenondergrond.vlaanderen.be/id/conceptscheme/observatieproceduretype,null,null,null
https://data.bodemenondergrond.vlaanderen.be/id/concept/observatieproceduretype/136,http://www.w3.org/2004/02/skos/core#Concept,be.vlaanderen.bodemenondergrond.data.id.concept.observatieproceduretype.136,https://data.bodemenondergrond.vlaanderen.be/id/conceptscheme/observatieproceduretype,136,Veranderlijk verval in permeameter,https://data.bodemenondergrond.vlaanderen.be/id/conceptscheme/observatieproceduretype,null,null,null
https://data.bodemenondergrond.vlaanderen.be/id/concept/observatieproceduretype/137,http://www.w3.org/2004/02/skos/core#Concept,be.vlaanderen.bodemenondergrond.data.id.concept.observatieproceduretype.137,https://data.bodemenondergrond.vlaanderen.be/id/conceptscheme/observatieproceduretype,137,Constant verval in doorlatendheidscel,https://data.bodemenondergrond.vlaanderen.be/id/conceptscheme/observatieproceduretype,null,null,null
https://data.bodemenondergrond.vlaanderen.be/id/concept/observatieproceduretype/138,http://www.w3.org/2004/02/skos/core#Concept,be.vlaanderen.bodemenondergrond.data.id.concept.observatieproceduretype.138,https://data.bodemenondergrond.vlaanderen.be/id/conceptscheme/observatieproceduretype,138,Constant verval in triaxiaalcel,https://data.bodemenondergrond.vlaanderen.be/id/conceptscheme/observatieproceduretype,null,null,null
https://data.bodemenondergrond.vlaanderen.be/id/concept/observatieproceduretype/14,http://www.w3.org/2004/02/skos/core#Concept,be.vlaanderen.bodemenondergrond.data.id.concept.observatieproceduretype.14,https://data.bodemenondergrond.vlaanderen.be/id/conceptscheme/observatieproceduretype,14,HPLC,https://data.bodemenondergrond.vlaanderen.be/id/conceptscheme/observatieproceduretype,null,null,null
https://data.bodemenondergrond.vlaanderen.be/id/concept/observatieproceduretype/15,http://www.w3.org/2004/02/skos/core#Concept,be.vlaanderen.bodemenondergrond.data.id.concept.observatieproceduretype.15,https://data.bodemenondergrond.vlaanderen.be/id/conceptscheme/observatieproceduretype,15,IC,https://data.bodemenondergrond.vlaanderen.be/id/conceptscheme/observatieproceduretype,null,null,null
https://data.bodemenondergrond.vlaanderen.be/id/concept/observatieproceduretype/156,http://www.w3.org/2004/02/skos/core#Concept,be.vlaanderen.bodemenondergrond.data.id.concept.observatieproceduretype.156,https://data.bodemenondergrond.vlaanderen.be/id/conceptscheme/observatieproceduretype,156,Zeving op massa met grootte > 2 mm (grofkorrelig),https://data.bodemenondergrond.vlaanderen.be/id/conceptscheme/observatieproceduretype,null,null,null
https://data.bodemenondergrond.vlaanderen.be/id/concept/observatieproceduretype/16,http://www.w3.org/2004/02/skos/core#Concept,be.vlaanderen.bodemenondergrond.data.id.concept.observatieproceduretype.16,https://data.bodemenondergrond.vlaanderen.be/id/conceptscheme/observatieproceduretype,16,turbidimetrie,https://data.bodemenondergrond.vlaanderen.be/id/conceptscheme/observatieproceduretype,null,null,null
https://data.bodemenondergrond.vlaanderen.be/id/concept/observatieproceduretype/17,http://www.w3.org/2004/02/skos/core#Concept,be.vlaanderen.bodemenondergrond.data.id.concept.observatieproceduretype.17,https://data.bodemenondergrond.vlaanderen.be/id/conceptscheme/observatieproceduretype,17,ionselectieve electrode,https://data.bodemenondergrond.vlaanderen.be/id/conceptscheme/observatieproceduretype,null,null,null
https://data.bodemenondergrond.vlaanderen.be/id/concept/observatieproceduretype/18,http://www.w3.org/2004/02/skos/core#Concept,be.vlaanderen.bodemenondergrond.data.id.concept.observatieproceduretype.18,https://data.bodemenondergrond.vlaanderen.be/id/conceptscheme/observatieproceduretype,18,Berekend uit P totaal,https://data.bodemenondergrond.vlaanderen.be/id/conceptscheme/observatieproceduretype,null,null,null
https://data.bodemenondergrond.vlaanderen.be/id/concept/observatieproceduretype/19,http://www.w3.org/2004/02/skos/core#Concept,be.vlaanderen.bodemenondergrond.data.id.concept.observatieproceduretype.19,https://data.bodemenondergrond.vlaanderen.be/id/conceptscheme/observatieproceduretype,19,Berekend,https://data.bodemenondergrond.vlaanderen.be/id/conceptscheme/observatieproceduretype,null,null,null
https://data.bodemenondergrond.vlaanderen.be/id/concept/observatieproceduretype/2,http://www.w3.org/2004/02/skos/core#Concept,be.vlaanderen.bodemenondergrond.data.id.concept.observatieproceduretype.2,https://data.bodemenondergrond.vlaanderen.be/id/conceptscheme/observatieproceduretype,2,pH-meter,https://data.bodemenondergrond.vlaanderen.be/id/conceptscheme/observatieproceduretype,null,null,null
https://data.bodemenondergrond.vlaanderen.be/id/concept/observatieproceduretype/20,http://www.w3.org/2004/02/skos/core#Concept,be.vlaanderen.bodemenondergrond.data.id.concept.observatieproceduretype.20,https://data.bodemenondergrond.vlaanderen.be/id/conceptscheme/observatieproceduretype,20,Winkler methode,https://data.bodemenondergrond.vlaanderen.be/id/conceptscheme/observatieproceduretype,null,null,null
https://data.bodemenondergrond.vlaanderen.be/id/concept/observatieproceduretype/200,http://www.w3.org/2004/02/skos/core#Concept,be.vlaanderen.bodemenondergrond.data.id.concept.observatieproceduretype.200,https://data.bodemenondergrond.vlaanderen.be/id/conceptscheme/observatieproceduretype,200,Chemische reactie met waterstofchloride,https://data.bodemenondergrond.vlaanderen.be/id/conceptscheme/observatieproceduretype,null,null,null
https://data.bodemenondergrond.vlaanderen.be/id/concept/observatieproceduretype/201,http://www.w3.org/2004/02/skos/core#Concept,be.vlaanderen.bodemenondergrond.data.id.concept.observatieproceduretype.201,https://data.bodemenondergrond.vlaanderen.be/id/conceptscheme/observatieproceduretype,201,Hydrometer met referentiecilinder,https://data.bodemenondergrond.vlaanderen.be/id/conceptscheme/observatieproceduretype,null,null,null
https://data.bodemenondergrond.vlaanderen.be/id/concept/observatieproceduretype/202,http://www.w3.org/2004/02/skos/core#Concept,be.vlaanderen.bodemenondergrond.data.id.concept.observatieproceduretype.202,https://data.bodemenondergrond.vlaanderen.be/id/conceptscheme/observatieproceduretype,202,Laserdiffractie (Optisch model MIE),https://data.bodemenondergrond.vlaanderen.be/id/conceptscheme/observatieproceduretype,null,null,null
https://data.bodemenondergrond.vlaanderen.be/id/concept/observatieproceduretype/203,http://www.w3.org/2004/02/skos/core#Concept,be.vlaanderen.bodemenondergrond.data.id.concept.observatieproceduretype.203,https://data.bodemenondergrond.vlaanderen.be/id/conceptscheme/observatieproceduretype,203,Laserdiffractie (Optisch model Fraunhofer),https://data.bodemenondergrond.vlaanderen.be/id/conceptscheme/observatieproceduretype,null,null,null
https://data.bodemenondergrond.vlaanderen.be/id/concept/observatieproceduretype/204,http://www.w3.org/2004/02/skos/core#Concept,be.vlaanderen.bodemenondergrond.data.id.concept.observatieproceduretype.204,https://data.bodemenondergrond.vlaanderen.be/id/conceptscheme/observatieproceduretype,204,"Bepaling plasticiteitsindex, vloeigrens d.m.v. het apparaat van Casagrande",https://data.bodemenondergrond.vlaanderen.be/id/conceptscheme/observatieproceduretype,null,null,null
https://data.bodemenondergrond.vlaanderen.be/id/concept/observatieproceduretype/205,http://www.w3.org/2004/02/skos/core#Concept,be.vlaanderen.bodemenondergrond.data.id.concept.observatieproceduretype.205,https://data.bodemenondergrond.vlaanderen.be/id/conceptscheme/observatieproceduretype,205,"Bepaling plasticiteitsindex, vloeigrens d.m.v. de valconus",https://data.bodemenondergrond.vlaanderen.be/id/conceptscheme/observatieproceduretype,null,null,null
https://data.bodemenondergrond.vlaanderen.be/id/concept/observatieproceduretype/21,http://www.w3.org/2004/02/skos/core#Concept,be.vlaanderen.bodemenondergrond.data.id.concept.observatieproceduretype.21,https://data.bodemenondergrond.vlaanderen.be/id/conceptscheme/observatieproceduretype,21,ICP-MS,https://data.bodemenondergrond.vlaanderen.be/id/conceptscheme/observatieproceduretype,null,null,null
https://data.bodemenondergrond.vlaanderen.be/id/concept/observatieproceduretype/22,http://www.w3.org/2004/02/skos/core#Concept,be.vlaanderen.bodemenondergrond.data.id.concept.observatieproceduretype.22,https://data.bodemenondergrond.vlaanderen.be/id/conceptscheme/observatieproceduretype,22,Thermometer,https://data.bodemenondergrond.vlaanderen.be/id/conceptscheme/observatieproceduretype,null,null,null
https://data.bodemenondergrond.vlaanderen.be/id/concept/observatieproceduretype/23,http://www.w3.org/2004/02/skos/core#Concept,be.vlaanderen.bodemenondergrond.data.id.concept.observatieproceduretype.23,https://data.bodemenondergrond.vlaanderen.be/id/conceptscheme/observatieproceduretype,23,Ionchromatografie,https://data.bodemenondergrond.vlaanderen.be/id/conceptscheme/observatieproceduretype,null,null,null
https://data.bodemenondergrond.vlaanderen.be/id/concept/observatieproceduretype/24,http://www.w3.org/2004/02/skos/core#Concept,be.vlaanderen.bodemenondergrond.data.id.concept.observatieproceduretype.24,https://data.bodemenondergrond.vlaanderen.be/id/conceptscheme/observatieproceduretype,24,Chemoluminescentie,https://data.bodemenondergrond.vlaanderen.be/id/conceptscheme/observatieproceduretype,null,null,null
https://data.bodemenondergrond.vlaanderen.be/id/concept/observatieproceduretype/25,http://www.w3.org/2004/02/skos/core#Concept,be.vlaanderen.bodemenondergrond.data.id.concept.observatieproceduretype.25,https://data.bodemenondergrond.vlaanderen.be/id/conceptscheme/observatieproceduretype,25,Electrode,https://data.bodemenondergrond.vlaanderen.be/id/conceptscheme/observatieproceduretype,null,null,null
https://data.bodemenondergrond.vlaanderen.be/id/concept/observatieproceduretype/26,http://www.w3.org/2004/02/skos/core#Concept,be.vlaanderen.bodemenondergrond.data.id.concept.observatieproceduretype.26,https://data.bodemenondergrond.vlaanderen.be/id/conceptscheme/observatieproceduretype,26,LCMSMS,https://data.bodemenondergrond.vlaanderen.be/id/conceptscheme/observatieproceduretype,null,null,null
https://data.bodemenondergrond.vlaanderen.be/id/concept/observatieproceduretype/27,http://www.w3.org/2004/02/skos/core#Concept,be.vlaanderen.bodemenondergrond.data.id.concept.observatieproceduretype.27,https://data.bodemenondergrond.vlaanderen.be/id/conceptscheme/observatieproceduretype,27,GCMSMS,https://data.bodemenondergrond.vlaanderen.be/id/conceptscheme/observatieproceduretype,null,null,null
https://data.bodemenondergrond.vlaanderen.be/id/concept/observatieproceduretype/28,http://www.w3.org/2004/02/skos/core#Concept,be.vlaanderen.bodemenondergrond.data.id.concept.observatieproceduretype.28,https://data.bodemenondergrond.vlaanderen.be/id/conceptscheme/observatieproceduretype,28,Plaattelling,https://data.bodemenondergrond.vlaanderen.be/id/conceptscheme/observatieproceduretype,null,null,null
https://data.bodemenondergrond.vlaanderen.be/id/concept/observatieproceduretype/29,http://www.w3.org/2004/02/skos/core#Concept,be.vlaanderen.bodemenondergrond.data.id.concept.observatieproceduretype.29,https://data.bodemenondergrond.vlaanderen.be/id/conceptscheme/observatieproceduretype,29,HSGCMS,https://data.bodemenondergrond.vlaanderen.be/id/conceptscheme/observatieproceduretype,null,null,null
https://data.bodemenondergrond.vlaanderen.be/id/concept/observatieproceduretype/3,http://www.w3.org/2004/02/skos/core#Concept,be.vlaanderen.bodemenondergrond.data.id.concept.observatieproceduretype.3,https://data.bodemenondergrond.vlaanderen.be/id/conceptscheme/observatieproceduretype,3,Titratie,https://data.bodemenondergrond.vlaanderen.be/id/conceptscheme/observatieproceduretype,null,null,null
https://data.bodemenondergrond.vlaanderen.be/id/concept/observatieproceduretype/30,http://www.w3.org/2004/02/skos/core#Concept,be.vlaanderen.bodemenondergrond.data.id.concept.observatieproceduretype.30,https://data.bodemenondergrond.vlaanderen.be/id/conceptscheme/observatieproceduretype,30,Spectrofotometrie,https://data.bodemenondergrond.vlaanderen.be/id/conceptscheme/observatieproceduretype,null,null,null
https://data.bodemenondergrond.vlaanderen.be/id/concept/observatieproceduretype/300,http://www.w3.org/2004/02/skos/core#Concept,be.vlaanderen.bodemenondergrond.data.id.concept.observatieproceduretype.300,https://data.bodemenondergrond.vlaanderen.be/id/conceptscheme/observatieproceduretype,300,Methyleenblauwproef,https://data.bodemenondergrond.vlaanderen.be/id/conceptscheme/observatieproceduretype,null,null,null
https://data.bodemenondergrond.vlaanderen.be/id/concept/observatieproceduretype/301,http://www.w3.org/2004/02/skos/core#Concept,be.vlaanderen.bodemenondergrond.data.id.concept.observatieproceduretype.301,https://data.bodemenondergrond.vlaanderen.be/id/conceptscheme/observatieproceduretype,301,Chemische reactie met waterstofperoxide,https://data.bodemenondergrond.vlaanderen.be/id/conceptscheme/observatieproceduretype,null,null,null
https://data.bodemenondergrond.vlaanderen.be/id/concept/observatieproceduretype/304,http://www.w3.org/2004/02/skos/core#Concept,be.vlaanderen.bodemenondergrond.data.id.concept.observatieproceduretype.304,https://data.bodemenondergrond.vlaanderen.be/id/conceptscheme/observatieproceduretype,304,Methode volgens de norm,https://data.bodemenondergrond.vlaanderen.be/id/conceptscheme/observatieproceduretype,null,null,null
https://data.bodemenondergrond.vlaanderen.be/id/concept/observatieproceduretype/305,http://www.w3.org/2004/02/skos/core#Concept,be.vlaanderen.bodemenondergrond.data.id.concept.observatieproceduretype.305,https://data.bodemenondergrond.vlaanderen.be/id/conceptscheme/observatieproceduretype,305,Zeving,https://data.bodemenondergrond.vlaanderen.be/id/conceptscheme/observatieproceduretype,null,null,null
https://data.bodemenondergrond.vlaanderen.be/id/concept/observatieproceduretype/306,http://www.w3.org/2004/02/skos/core#Concept,be.vlaanderen.bodemenondergrond.data.id.concept.observatieproceduretype.306,https://data.bodemenondergrond.vlaanderen.be/id/conceptscheme/observatieproceduretype,306,Aangenomen,https://data.bodemenondergrond.vlaanderen.be/id/conceptscheme/observatieproceduretype,null,null,null
https://data.bodemenondergrond.vlaanderen.be/id/concept/observatieproceduretype/31,http://www.w3.org/2004/02/skos/core#Concept,be.vlaanderen.bodemenondergrond.data.id.concept.observatieproceduretype.31,https://data.bodemenondergrond.vlaanderen.be/id/conceptscheme/observatieproceduretype,31,Combustion,https://data.bodemenondergrond.vlaanderen.be/id/conceptscheme/observatieproceduretype,null,null,null
https://data.bodemenondergrond.vlaanderen.be/id/concept/observatieproceduretype/32,http://www.w3.org/2004/02/skos/core#Concept,be.vlaanderen.bodemenondergrond.data.id.concept.observatieproceduretype.32,https://data.bodemenondergrond.vlaanderen.be/id/conceptscheme/observatieproceduretype,32,Filtratieramp,https://data.bodemenondergrond.vlaanderen.be/id/conceptscheme/observatieproceduretype,null,null,null
https://data.bodemenondergrond.vlaanderen.be/id/concept/observatieproceduretype/33,http://www.w3.org/2004/02/skos/core#Concept,be.vlaanderen.bodemenondergrond.data.id.concept.observatieproceduretype.33,https://data.bodemenondergrond.vlaanderen.be/id/conceptscheme/observatieproceduretype,33,ICP-OES,https://data.bodemenondergrond.vlaanderen.be/id/conceptscheme/observatieproceduretype,null,null,null
https://data.bodemenondergrond.vlaanderen.be/id/concept/observatieproceduretype/34,http://www.w3.org/2004/02/skos/core#Concept,be.vlaanderen.bodemenondergrond.data.id.concept.observatieproceduretype.34,https://data.bodemenondergrond.vlaanderen.be/id/conceptscheme/observatieproceduretype,34,LC-MS,https://data.bodemenondergrond.vlaanderen.be/id/conceptscheme/observatieproceduretype,null,null,null
https://data.bodemenondergrond.vlaanderen.be/id/concept/observatieproceduretype/35,http://www.w3.org/2004/02/skos/core#Concept,be.vlaanderen.bodemenondergrond.data.id.concept.observatieproceduretype.35,https://data.bodemenondergrond.vlaanderen.be/id/conceptscheme/observatieproceduretype,35,LC-QTOF-MS,https://data.bodemenondergrond.vlaanderen.be/id/conceptscheme/observatieproceduretype,null,null,null
https://data.bodemenondergrond.vlaanderen.be/id/concept/observatieproceduretype/36,http://www.w3.org/2004/02/skos/core#Concept,be.vlaanderen.bodemenondergrond.data.id.concept.observatieproceduretype.36,https://data.bodemenondergrond.vlaanderen.be/id/conceptscheme/observatieproceduretype,36,Fluorescentie,https://data.bodemenondergrond.vlaanderen.be/id/conceptscheme/observatieproceduretype,null,null,null
https://data.bodemenondergrond.vlaanderen.be/id/concept/observatieproceduretype/37,http://www.w3.org/2004/02/skos/core#Concept,be.vlaanderen.bodemenondergrond.data.id.concept.observatieproceduretype.37,https://data.bodemenondergrond.vlaanderen.be/id/conceptscheme/observatieproceduretype,37,Afgeleid uit boring,https://data.bodemenondergrond.vlaanderen.be/id/conceptscheme/observatieproceduretype,null,null,null
https://data.bodemenondergrond.vlaanderen.be/id/concept/observatieproceduretype/38,http://www.w3.org/2004/02/skos/core#Concept,be.vlaanderen.bodemenondergrond.data.id.concept.observatieproceduretype.38,https://data.bodemenondergrond.vlaanderen.be/id/conceptscheme/observatieproceduretype,38,Stereomicroscoop,https://data.bodemenondergrond.vlaanderen.be/id/conceptscheme/observatieproceduretype,null,null,null
https://data.bodemenondergrond.vlaanderen.be/id/concept/observatieproceduretype/39,http://www.w3.org/2004/02/skos/core#Concept,be.vlaanderen.bodemenondergrond.data.id.concept.observatieproceduretype.39,https://data.bodemenondergrond.vlaanderen.be/id/conceptscheme/observatieproceduretype,39,XRD,https://data.bodemenondergrond.vlaanderen.be/id/conceptscheme/observatieproceduretype,null,null,null
https://data.bodemenondergrond.vlaanderen.be/id/concept/observatieproceduretype/4,http://www.w3.org/2004/02/skos/core#Concept,be.vlaanderen.bodemenondergrond.data.id.concept.observatieproceduretype.4,https://data.bodemenondergrond.vlaanderen.be/id/conceptscheme/observatieproceduretype,4,Colorimetrie,https://data.bodemenondergrond.vlaanderen.be/id/conceptscheme/observatieproceduretype,null,null,null
https://data.bodemenondergrond.vlaanderen.be/id/concept/observatieproceduretype/40,http://www.w3.org/2004/02/skos/core#Concept,be.vlaanderen.bodemenondergrond.data.id.concept.observatieproceduretype.40,https://data.bodemenondergrond.vlaanderen.be/id/conceptscheme/observatieproceduretype,40,Frantz magnetische separator,https://data.bodemenondergrond.vlaanderen.be/id/conceptscheme/observatieproceduretype,null,null,null
https://data.bodemenondergrond.vlaanderen.be/id/concept/observatieproceduretype/5,http://www.w3.org/2004/02/skos/core#Concept,be.vlaanderen.bodemenondergrond.data.id.concept.observatieproceduretype.5,https://data.bodemenondergrond.vlaanderen.be/id/conceptscheme/observatieproceduretype,5,Gravimetrie,https://data.bodemenondergrond.vlaanderen.be/id/conceptscheme/observatieproceduretype,null,null,null
https://data.bodemenondergrond.vlaanderen.be/id/concept/observatieproceduretype/500,http://www.w3.org/2004/02/skos/core#Concept,be.vlaanderen.bodemenondergrond.data.id.concept.observatieproceduretype.500,https://data.bodemenondergrond.vlaanderen.be/id/conceptscheme/observatieproceduretype,500,Classificatie volgens de norm,https://data.bodemenondergrond.vlaanderen.be/id/conceptscheme/observatieproceduretype,null,null,null
https://data.bodemenondergrond.vlaanderen.be/id/concept/observatieproceduretype/502,http://www.w3.org/2004/02/skos/core#Concept,be.vlaanderen.bodemenondergrond.data.id.concept.observatieproceduretype.502,https://data.bodemenondergrond.vlaanderen.be/id/conceptscheme/observatieproceduretype,502,Lithologische beschrijving,https://data.bodemenondergrond.vlaanderen.be/id/conceptscheme/observatieproceduretype,null,null,null
https://data.bodemenondergrond.vlaanderen.be/id/concept/observatieproceduretype/6,http://www.w3.org/2004/02/skos/core#Concept,be.vlaanderen.bodemenondergrond.data.id.concept.observatieproceduretype.6,https://data.bodemenondergrond.vlaanderen.be/id/conceptscheme/observatieproceduretype,6,microcoulometrie,https://data.bodemenondergrond.vlaanderen.be/id/conceptscheme/observatieproceduretype,null,null,null
https://data.bodemenondergrond.vlaanderen.be/id/concept/observatieproceduretype/7,http://www.w3.org/2004/02/skos/core#Concept,be.vlaanderen.bodemenondergrond.data.id.concept.observatieproceduretype.7,https://data.bodemenondergrond.vlaanderen.be/id/conceptscheme/observatieproceduretype,7,fotometrie,https://data.bodemenondergrond.vlaanderen.be/id/conceptscheme/observatieproceduretype,null,null,null
https://data.bodemenondergrond.vlaanderen.be/id/concept/observatieproceduretype/8,http://www.w3.org/2004/02/skos/core#Concept,be.vlaanderen.bodemenondergrond.data.id.concept.observatieproceduretype.8,https://data.bodemenondergrond.vlaanderen.be/id/conceptscheme/observatieproceduretype,8,AAS,https://data.bodemenondergrond.vlaanderen.be/id/conceptscheme/observatieproceduretype,null,null,null
https://data.bodemenondergrond.vlaanderen.be/id/concept/observatieproceduretype/9,http://www.w3.org/2004/02/skos/core#Concept,be.vlaanderen.bodemenondergrond.data.id.concept.observatieproceduretype.9,https://data.bodemenondergrond.vlaanderen.be/id/conceptscheme/observatieproceduretype,9,ICP,https://data.bodemenondergrond.vlaanderen.be/id/conceptscheme/observatieproceduretype,null,null,null
https://data.bodemenondergrond.vlaanderen.be/id/concept/observatieproceduretype/BOC1,http://www.w3.org/2004/02/skos/core#Concept,be.vlaanderen.bodemenondergrond.data.id.concept.observatieproceduretype.BOC1,https://data.bodemenondergrond.vlaanderen.be/id/conceptscheme/observatieproceduretype,BOC1,pH KCl volgens BOC,https://data.bodemenondergrond.vlaanderen.be/id/conceptscheme/observatieproceduretype,null,null,null
https://data.bodemenondergrond.vlaanderen.be/id/concept/observatieproceduretype/BOC2,http://www.w3.org/2004/02/skos/core#Concept,be.vlaanderen.bodemenondergrond.data.id.concept.observatieproceduretype.BOC2,https://data.bodemenondergrond.vlaanderen.be/id/conceptscheme/observatieproceduretype,BOC2,manuele textuurbepaling volgens BOC,https://data.bodemenondergrond.vlaanderen.be/id/conceptscheme/observatieproceduretype,null,null,null
https://data.bodemenondergrond.vlaanderen.be/id/concept/observatieproceduretype/BOC3,http://www.w3.org/2004/02/skos/core#Concept,be.vlaanderen.bodemenondergrond.data.id.concept.observatieproceduretype.BOC3,https://data.bodemenondergrond.vlaanderen.be/id/conceptscheme/observatieproceduretype,BOC3,TOC volgens BOC,https://data.bodemenondergrond.vlaanderen.be/id/conceptscheme/observatieproceduretype,null,null,null
https://data.bodemenondergrond.vlaanderen.be/id/concept/observatieproceduretype/BOC4,http://www.w3.org/2004/02/skos/core#Concept,be.vlaanderen.bodemenondergrond.data.id.concept.observatieproceduretype.BOC4,https://data.bodemenondergrond.vlaanderen.be/id/conceptscheme/observatieproceduretype,BOC4,Dichromaatmethode volgens BOC,https://data.bodemenondergrond.vlaanderen.be/id/conceptscheme/observatieproceduretype,null,null,null
https://data.bodemenondergrond.vlaanderen.be/id/concept/observatieproceduretype/BOC5,http://www.w3.org/2004/02/skos/core#Concept,be.vlaanderen.bodemenondergrond.data.id.concept.observatieproceduretype.BOC5,https://data.bodemenondergrond.vlaanderen.be/id/conceptscheme/observatieproceduretype,BOC5,granulometrische textuurbepaling volgens BOC,https://data.bodemenondergrond.vlaanderen.be/id/conceptscheme/observatieproceduretype,null,null,null
https://data.bodemenondergrond.vlaanderen.be/id/concept/observatieproceduretype/BOD_ALG1,http://www.w3.org/2004/02/skos/core#Concept,be.vlaanderen.bodemenondergrond.data.id.concept.observatieproceduretype.BOD_ALG1,https://data.bodemenondergrond.vlaanderen.be/id/conceptscheme/observatieproceduretype,BOD_ALG1,Visuele waarneming (Cmon staalnameprotocol),https://data.bodemenondergrond.vlaanderen.be/id/conceptscheme/observatieproceduretype,null,null,null
https://data.bodemenondergrond.vlaanderen.be/id/concept/observatieproceduretype/BOD_ALG2,http://www.w3.org/2004/02/skos/core#Concept,be.vlaanderen.bodemenondergrond.data.id.concept.observatieproceduretype.BOD_ALG2,https://data.bodemenondergrond.vlaanderen.be/id/conceptscheme/observatieproceduretype,BOD_ALG2,Drogen 105Â°C (Cmon analyseprotocol),https://data.bodemenondergrond.vlaanderen.be/id/conceptscheme/observatieproceduretype,null,null,null
https://data.bodemenondergrond.vlaanderen.be/id/concept/observatieproceduretype/BOD_BEM1,http://www.w3.org/2004/02/skos/core#Concept,be.vlaanderen.bodemenondergrond.data.id.concept.observatieproceduretype.BOD_BEM1,https://data.bodemenondergrond.vlaanderen.be/id/conceptscheme/observatieproceduretype,BOD_BEM1,XYZ_GPS - RTK FLEPOS,https://data.bodemenondergrond.vlaanderen.be/id/conceptscheme/observatieproceduretype,null,null,null
https://data.bodemenondergrond.vlaanderen.be/id/concept/observatieproceduretype/BOD_BEM2,http://www.w3.org/2004/02/skos/core#Concept,be.vlaanderen.bodemenondergrond.data.id.concept.observatieproceduretype.BOD_BEM2,https://data.bodemenondergrond.vlaanderen.be/id/conceptscheme/observatieproceduretype,BOD_BEM2,Zeefrest 2 mm (Cmon analyseprotocol),https://data.bodemenondergrond.vlaanderen.be/id/conceptscheme/observatieproceduretype,null,null,null
https://data.bodemenondergrond.vlaanderen.be/id/concept/observatieproceduretype/BOD_CHEM1,http://www.w3.org/2004/02/skos/core#Concept,be.vlaanderen.bodemenondergrond.data.id.concept.observatieproceduretype.BOD_CHEM1,https://data.bodemenondergrond.vlaanderen.be/id/conceptscheme/observatieproceduretype,BOD_CHEM1,Springer en Klee en microkjeldal-methode,https://data.bodemenondergrond.vlaanderen.be/id/conceptscheme/observatieproceduretype,null,null,null
https://data.bodemenondergrond.vlaanderen.be/id/concept/observatieproceduretype/BOD_CHEM10,http://www.w3.org/2004/02/skos/core#Concept,be.vlaanderen.bodemenondergrond.data.id.concept.observatieproceduretype.BOD_CHEM10,https://data.bodemenondergrond.vlaanderen.be/id/conceptscheme/observatieproceduretype,BOD_CHEM10,"AgTU with Ammoniumac. 0,1M, pH 7,0",https://data.bodemenondergrond.vlaanderen.be/id/conceptscheme/observatieproceduretype,null,null,null
https://data.bodemenondergrond.vlaanderen.be/id/concept/observatieproceduretype/BOD_CHEM11,http://www.w3.org/2004/02/skos/core#Concept,be.vlaanderen.bodemenondergrond.data.id.concept.observatieproceduretype.BOD_CHEM11,https://data.bodemenondergrond.vlaanderen.be/id/conceptscheme/observatieproceduretype,BOD_CHEM11,in AgTU extract,https://data.bodemenondergrond.vlaanderen.be/id/conceptscheme/observatieproceduretype,null,null,null
https://data.bodemenondergrond.vlaanderen.be/id/concept/observatieproceduretype/BOD_CHEM12,http://www.w3.org/2004/02/skos/core#Concept,be.vlaanderen.bodemenondergrond.data.id.concept.observatieproceduretype.BOD_CHEM12,https://data.bodemenondergrond.vlaanderen.be/id/conceptscheme/observatieproceduretype,BOD_CHEM12,"pH in CaCl2, 0,01M, 1:2,5",https://data.bodemenondergrond.vlaanderen.be/id/conceptscheme/observatieproceduretype,null,null,null
https://data.bodemenondergrond.vlaanderen.be/id/concept/observatieproceduretype/BOD_CHEM13,http://www.w3.org/2004/02/skos/core#Concept,be.vlaanderen.bodemenondergrond.data.id.concept.observatieproceduretype.BOD_CHEM13,https://data.bodemenondergrond.vlaanderen.be/id/conceptscheme/observatieproceduretype,BOD_CHEM13,ANCA Mass spectrometer,https://data.bodemenondergrond.vlaanderen.be/id/conceptscheme/observatieproceduretype,null,null,null
https://data.bodemenondergrond.vlaanderen.be/id/concept/observatieproceduretype/BOD_CHEM14,http://www.w3.org/2004/02/skos/core#Concept,be.vlaanderen.bodemenondergrond.data.id.concept.observatieproceduretype.BOD_CHEM14,https://data.bodemenondergrond.vlaanderen.be/id/conceptscheme/observatieproceduretype,BOD_CHEM14,"pH in KCl, 1M, 1:5 (m/V)",https://data.bodemenondergrond.vlaanderen.be/id/conceptscheme/observatieproceduretype,null,null,null
https://data.bodemenondergrond.vlaanderen.be/id/concept/observatieproceduretype/BOD_CHEM15,http://www.w3.org/2004/02/skos/core#Concept,be.vlaanderen.bodemenondergrond.data.id.concept.observatieproceduretype.BOD_CHEM15,https://data.bodemenondergrond.vlaanderen.be/id/conceptscheme/observatieproceduretype,BOD_CHEM15,Element analysis by CN Interscience analyzer,https://data.bodemenondergrond.vlaanderen.be/id/conceptscheme/observatieproceduretype,null,null,null
https://data.bodemenondergrond.vlaanderen.be/id/concept/observatieproceduretype/BOD_CHEM16,http://www.w3.org/2004/02/skos/core#Concept,be.vlaanderen.bodemenondergrond.data.id.concept.observatieproceduretype.BOD_CHEM16,https://data.bodemenondergrond.vlaanderen.be/id/conceptscheme/observatieproceduretype,BOD_CHEM16,"Oxalaat extraheerbaar Al, Fe en P Schwertmann 1973",https://data.bodemenondergrond.vlaanderen.be/id/conceptscheme/observatieproceduretype,null,null,null
https://data.bodemenondergrond.vlaanderen.be/id/concept/observatieproceduretype/BOD_CHEM17,http://www.w3.org/2004/02/skos/core#Concept,be.vlaanderen.bodemenondergrond.data.id.concept.observatieproceduretype.BOD_CHEM17,https://data.bodemenondergrond.vlaanderen.be/id/conceptscheme/observatieproceduretype,BOD_CHEM17,Dichromaatmethode Walkley en Black,https://data.bodemenondergrond.vlaanderen.be/id/conceptscheme/observatieproceduretype,null,null,null
https://data.bodemenondergrond.vlaanderen.be/id/concept/observatieproceduretype/BOD_CHEM18,http://www.w3.org/2004/02/skos/core#Concept,be.vlaanderen.bodemenondergrond.data.id.concept.observatieproceduretype.BOD_CHEM18,https://data.bodemenondergrond.vlaanderen.be/id/conceptscheme/observatieproceduretype,BOD_CHEM18,Berekend - Organische C voorraad op basis van Organische C en Bulkdensiteit,https://data.bodemenondergrond.vlaanderen.be/id/conceptscheme/observatieproceduretype,null,null,null
https://data.bodemenondergrond.vlaanderen.be/id/concept/observatieproceduretype/BOD_CHEM19,http://www.w3.org/2004/02/skos/core#Concept,be.vlaanderen.bodemenondergrond.data.id.concept.observatieproceduretype.BOD_CHEM19,https://data.bodemenondergrond.vlaanderen.be/id/conceptscheme/observatieproceduretype,BOD_CHEM19,Total N by CN analyser (Cmon analyseprotocol),https://data.bodemenondergrond.vlaanderen.be/id/conceptscheme/observatieproceduretype,null,null,null
https://data.bodemenondergrond.vlaanderen.be/id/concept/observatieproceduretype/BOD_CHEM2,http://www.w3.org/2004/02/skos/core#Concept,be.vlaanderen.bodemenondergrond.data.id.concept.observatieproceduretype.BOD_CHEM2,https://data.bodemenondergrond.vlaanderen.be/id/conceptscheme/observatieproceduretype,BOD_CHEM2,Aardewerk oude methode organische koolstof,https://data.bodemenondergrond.vlaanderen.be/id/conceptscheme/observatieproceduretype,null,null,null
https://data.bodemenondergrond.vlaanderen.be/id/concept/observatieproceduretype/BOD_CHEM20,http://www.w3.org/2004/02/skos/core#Concept,be.vlaanderen.bodemenondergrond.data.id.concept.observatieproceduretype.BOD_CHEM20,https://data.bodemenondergrond.vlaanderen.be/id/conceptscheme/observatieproceduretype,BOD_CHEM20,Total C by CN analyser (Cmon analyseprotocol),https://data.bodemenondergrond.vlaanderen.be/id/conceptscheme/observatieproceduretype,null,null,null
https://data.bodemenondergrond.vlaanderen.be/id/concept/observatieproceduretype/BOD_CHEM21,http://www.w3.org/2004/02/skos/core#Concept,be.vlaanderen.bodemenondergrond.data.id.concept.observatieproceduretype.BOD_CHEM21,https://data.bodemenondergrond.vlaanderen.be/id/conceptscheme/observatieproceduretype,BOD_CHEM21,Inorganic C by CN analyser (Cmon analyseprotocol),https://data.bodemenondergrond.vlaanderen.be/id/conceptscheme/observatieproceduretype,null,null,null
https://data.bodemenondergrond.vlaanderen.be/id/concept/observatieproceduretype/BOD_CHEM22,http://www.w3.org/2004/02/skos/core#Concept,be.vlaanderen.bodemenondergrond.data.id.concept.observatieproceduretype.BOD_CHEM22,https://data.bodemenondergrond.vlaanderen.be/id/conceptscheme/observatieproceduretype,BOD_CHEM22,pH in KCl 1:5 (V/V) (Cmon analyseprotocol),https://data.bodemenondergrond.vlaanderen.be/id/conceptscheme/observatieproceduretype,null,null,null
https://data.bodemenondergrond.vlaanderen.be/id/concept/observatieproceduretype/BOD_CHEM23,http://www.w3.org/2004/02/skos/core#Concept,be.vlaanderen.bodemenondergrond.data.id.concept.observatieproceduretype.BOD_CHEM23,https://data.bodemenondergrond.vlaanderen.be/id/conceptscheme/observatieproceduretype,BOD_CHEM23,pH in KCl 1:10 (V/V) (Cmon analyseprotocol),https://data.bodemenondergrond.vlaanderen.be/id/conceptscheme/observatieproceduretype,null,null,null
https://data.bodemenondergrond.vlaanderen.be/id/concept/observatieproceduretype/BOD_CHEM24,http://www.w3.org/2004/02/skos/core#Concept,be.vlaanderen.bodemenondergrond.data.id.concept.observatieproceduretype.BOD_CHEM24,https://data.bodemenondergrond.vlaanderen.be/id/conceptscheme/observatieproceduretype,BOD_CHEM24,"Inorganic C niet gemeten omdat pH KCl < 6,5 (Cmon analyseprotocol)",https://data.bodemenondergrond.vlaanderen.be/id/conceptscheme/observatieproceduretype,null,null,null
https://data.bodemenondergrond.vlaanderen.be/id/concept/observatieproceduretype/BOD_CHEM25,http://www.w3.org/2004/02/skos/core#Concept,be.vlaanderen.bodemenondergrond.data.id.concept.observatieproceduretype.BOD_CHEM25,https://data.bodemenondergrond.vlaanderen.be/id/conceptscheme/observatieproceduretype,BOD_CHEM25,TOC by CN analyser na verwijderen anorganische C,https://data.bodemenondergrond.vlaanderen.be/id/conceptscheme/observatieproceduretype,null,null,null
https://data.bodemenondergrond.vlaanderen.be/id/concept/observatieproceduretype/BOD_CHEM26,http://www.w3.org/2004/02/skos/core#Concept,be.vlaanderen.bodemenondergrond.data.id.concept.observatieproceduretype.BOD_CHEM26,https://data.bodemenondergrond.vlaanderen.be/id/conceptscheme/observatieproceduretype,BOD_CHEM26,Berekend - Totale N voorraad op basis van Totale N en Bulkdensiteit,https://data.bodemenondergrond.vlaanderen.be/id/conceptscheme/observatieproceduretype,null,null,null
https://data.bodemenondergrond.vlaanderen.be/id/concept/observatieproceduretype/BOD_CHEM27,http://www.w3.org/2004/02/skos/core#Concept,be.vlaanderen.bodemenondergrond.data.id.concept.observatieproceduretype.BOD_CHEM27,https://data.bodemenondergrond.vlaanderen.be/id/conceptscheme/observatieproceduretype,BOD_CHEM27,Berekend - Organische C voorraad op basis van Organische C en Massa,https://data.bodemenondergrond.vlaanderen.be/id/conceptscheme/observatieproceduretype,null,null,null
https://data.bodemenondergrond.vlaanderen.be/id/concept/observatieproceduretype/BOD_CHEM28,http://www.w3.org/2004/02/skos/core#Concept,be.vlaanderen.bodemenondergrond.data.id.concept.observatieproceduretype.BOD_CHEM28,https://data.bodemenondergrond.vlaanderen.be/id/conceptscheme/observatieproceduretype,BOD_CHEM28,Berekend - Totale N voorraad op basis van Totale N en Massa,https://data.bodemenondergrond.vlaanderen.be/id/conceptscheme/observatieproceduretype,null,null,null
https://data.bodemenondergrond.vlaanderen.be/id/concept/observatieproceduretype/BOD_CHEM3,http://www.w3.org/2004/02/skos/core#Concept,be.vlaanderen.bodemenondergrond.data.id.concept.observatieproceduretype.BOD_CHEM3,https://data.bodemenondergrond.vlaanderen.be/id/conceptscheme/observatieproceduretype,BOD_CHEM3,Aardewerk nieuwe methode organische koolstof,https://data.bodemenondergrond.vlaanderen.be/id/conceptscheme/observatieproceduretype,null,null,null
https://data.bodemenondergrond.vlaanderen.be/id/concept/observatieproceduretype/BOD_CHEM4,http://www.w3.org/2004/02/skos/core#Concept,be.vlaanderen.bodemenondergrond.data.id.concept.observatieproceduretype.BOD_CHEM4,https://data.bodemenondergrond.vlaanderen.be/id/conceptscheme/observatieproceduretype,BOD_CHEM4,Natriumdithioniet,https://data.bodemenondergrond.vlaanderen.be/id/conceptscheme/observatieproceduretype,null,null,null
https://data.bodemenondergrond.vlaanderen.be/id/concept/observatieproceduretype/BOD_CHEM5,http://www.w3.org/2004/02/skos/core#Concept,be.vlaanderen.bodemenondergrond.data.id.concept.observatieproceduretype.BOD_CHEM5,https://data.bodemenondergrond.vlaanderen.be/id/conceptscheme/observatieproceduretype,BOD_CHEM5,Opbruisen bij contact met HCl,https://data.bodemenondergrond.vlaanderen.be/id/conceptscheme/observatieproceduretype,null,null,null
https://data.bodemenondergrond.vlaanderen.be/id/concept/observatieproceduretype/BOD_CHEM6,http://www.w3.org/2004/02/skos/core#Concept,be.vlaanderen.bodemenondergrond.data.id.concept.observatieproceduretype.BOD_CHEM6,https://data.bodemenondergrond.vlaanderen.be/id/conceptscheme/observatieproceduretype,BOD_CHEM6,pH KCl centrum voor Grondonderzoek De Leenheer,https://data.bodemenondergrond.vlaanderen.be/id/conceptscheme/observatieproceduretype,null,null,null
https://data.bodemenondergrond.vlaanderen.be/id/concept/observatieproceduretype/BOD_CHEM7,http://www.w3.org/2004/02/skos/core#Concept,be.vlaanderen.bodemenondergrond.data.id.concept.observatieproceduretype.BOD_CHEM7,https://data.bodemenondergrond.vlaanderen.be/id/conceptscheme/observatieproceduretype,BOD_CHEM7,pH H2O centrum voor Grondonderzoek De Leenheer,https://data.bodemenondergrond.vlaanderen.be/id/conceptscheme/observatieproceduretype,null,null,null
https://data.bodemenondergrond.vlaanderen.be/id/concept/observatieproceduretype/BOD_CHEM8,http://www.w3.org/2004/02/skos/core#Concept,be.vlaanderen.bodemenondergrond.data.id.concept.observatieproceduretype.BOD_CHEM8,https://data.bodemenondergrond.vlaanderen.be/id/conceptscheme/observatieproceduretype,BOD_CHEM8,Element analysis C Jena analyzer,https://data.bodemenondergrond.vlaanderen.be/id/conceptscheme/observatieproceduretype,null,null,null
https://data.bodemenondergrond.vlaanderen.be/id/concept/observatieproceduretype/BOD_CHEM9,http://www.w3.org/2004/02/skos/core#Concept,be.vlaanderen.bodemenondergrond.data.id.concept.observatieproceduretype.BOD_CHEM9,https://data.bodemenondergrond.vlaanderen.be/id/conceptscheme/observatieproceduretype,BOD_CHEM9,Berekend - Organische C is gelijk aan Totale C min Anorganische C,https://data.bodemenondergrond.vlaanderen.be/id/conceptscheme/observatieproceduretype,null,null,null
https://data.bodemenondergrond.vlaanderen.be/id/concept/observatieproceduretype/BOD_FYS1,http://www.w3.org/2004/02/skos/core#Concept,be.vlaanderen.bodemenondergrond.data.id.concept.observatieproceduretype.BOD_FYS1,https://data.bodemenondergrond.vlaanderen.be/id/conceptscheme/observatieproceduretype,BOD_FYS1,Ksat Open-end-methode,https://data.bodemenondergrond.vlaanderen.be/id/conceptscheme/observatieproceduretype,null,null,null
https://data.bodemenondergrond.vlaanderen.be/id/concept/observatieproceduretype/BOD_FYS10,http://www.w3.org/2004/02/skos/core#Concept,be.vlaanderen.bodemenondergrond.data.id.concept.observatieproceduretype.BOD_FYS10,https://data.bodemenondergrond.vlaanderen.be/id/conceptscheme/observatieproceduretype,BOD_FYS10,Massaprocent materiaal > 1 cm (Cmon analyseprotocol),https://data.bodemenondergrond.vlaanderen.be/id/conceptscheme/observatieproceduretype,null,null,null
https://data.bodemenondergrond.vlaanderen.be/id/concept/observatieproceduretype/BOD_FYS11,http://www.w3.org/2004/02/skos/core#Concept,be.vlaanderen.bodemenondergrond.data.id.concept.observatieproceduretype.BOD_FYS11,https://data.bodemenondergrond.vlaanderen.be/id/conceptscheme/observatieproceduretype,BOD_FYS11,Bulkdensiteit bepaald op basis van Kopeckyringen en massa materiaal > 1 cm (Cmon analyseprotocol),https://data.bodemenondergrond.vlaanderen.be/id/conceptscheme/observatieproceduretype,null,null,null
https://data.bodemenondergrond.vlaanderen.be/id/concept/observatieproceduretype/BOD_FYS12,http://www.w3.org/2004/02/skos/core#Concept,be.vlaanderen.bodemenondergrond.data.id.concept.observatieproceduretype.BOD_FYS12,https://data.bodemenondergrond.vlaanderen.be/id/conceptscheme/observatieproceduretype,BOD_FYS12,Bulkdensiteit bepaald op basis van Kopeckyringen en massa stenen > 1 cm (Cmon analyseprotocol),https://data.bodemenondergrond.vlaanderen.be/id/conceptscheme/observatieproceduretype,null,null,null
https://data.bodemenondergrond.vlaanderen.be/id/concept/observatieproceduretype/BOD_FYS13,http://www.w3.org/2004/02/skos/core#Concept,be.vlaanderen.bodemenondergrond.data.id.concept.observatieproceduretype.BOD_FYS13,https://data.bodemenondergrond.vlaanderen.be/id/conceptscheme/observatieproceduretype,BOD_FYS13,Massaprocent stenen > 1 cm (Cmon analyseprotocol 1.0),https://data.bodemenondergrond.vlaanderen.be/id/conceptscheme/observatieproceduretype,null,null,null
https://data.bodemenondergrond.vlaanderen.be/id/concept/observatieproceduretype/BOD_FYS14,http://www.w3.org/2004/02/skos/core#Concept,be.vlaanderen.bodemenondergrond.data.id.concept.observatieproceduretype.BOD_FYS14,https://data.bodemenondergrond.vlaanderen.be/id/conceptscheme/observatieproceduretype,BOD_FYS14,Berekend - Gemiddelde van Bulkdensiteit bepaald op basis van Kopeckyringen (Cmon analyseprotocol),https://data.bodemenondergrond.vlaanderen.be/id/conceptscheme/observatieproceduretype,null,null,null
https://data.bodemenondergrond.vlaanderen.be/id/concept/observatieproceduretype/BOD_FYS15,http://www.w3.org/2004/02/skos/core#Concept,be.vlaanderen.bodemenondergrond.data.id.concept.observatieproceduretype.BOD_FYS15,https://data.bodemenondergrond.vlaanderen.be/id/conceptscheme/observatieproceduretype,BOD_FYS15,Berekend - Gemiddelde van Bulkdensiteit bepaald op basis van Kopeckyringen en massa materiaal > 1 cm (Cmon analyseprotocol),https://data.bodemenondergrond.vlaanderen.be/id/conceptscheme/observatieproceduretype,null,null,null
https://data.bodemenondergrond.vlaanderen.be/id/concept/observatieproceduretype/BOD_FYS16,http://www.w3.org/2004/02/skos/core#Concept,be.vlaanderen.bodemenondergrond.data.id.concept.observatieproceduretype.BOD_FYS16,https://data.bodemenondergrond.vlaanderen.be/id/conceptscheme/observatieproceduretype,BOD_FYS16,Berekend - Gemiddelde van Bulkdensiteit bepaald op basis van Kopeckyringen en massa stenen > 1 cm (Cmon analyseprotocol),https://data.bodemenondergrond.vlaanderen.be/id/conceptscheme/observatieproceduretype,null,null,null
https://data.bodemenondergrond.vlaanderen.be/id/concept/observatieproceduretype/BOD_FYS2,http://www.w3.org/2004/02/skos/core#Concept,be.vlaanderen.bodemenondergrond.data.id.concept.observatieproceduretype.BOD_FYS2,https://data.bodemenondergrond.vlaanderen.be/id/conceptscheme/observatieproceduretype,BOD_FYS2,Ksat Enkele-ring-methode,https://data.bodemenondergrond.vlaanderen.be/id/conceptscheme/observatieproceduretype,null,null,null
https://data.bodemenondergrond.vlaanderen.be/id/concept/observatieproceduretype/BOD_FYS3,http://www.w3.org/2004/02/skos/core#Concept,be.vlaanderen.bodemenondergrond.data.id.concept.observatieproceduretype.BOD_FYS3,https://data.bodemenondergrond.vlaanderen.be/id/conceptscheme/observatieproceduretype,BOD_FYS3,Ksat Porchet-methode,https://data.bodemenondergrond.vlaanderen.be/id/conceptscheme/observatieproceduretype,null,null,null
https://data.bodemenondergrond.vlaanderen.be/id/concept/observatieproceduretype/BOD_FYS4,http://www.w3.org/2004/02/skos/core#Concept,be.vlaanderen.bodemenondergrond.data.id.concept.observatieproceduretype.BOD_FYS4,https://data.bodemenondergrond.vlaanderen.be/id/conceptscheme/observatieproceduretype,BOD_FYS4,Ksat_Soakaway_methode,https://data.bodemenondergrond.vlaanderen.be/id/conceptscheme/observatieproceduretype,null,null,null
https://data.bodemenondergrond.vlaanderen.be/id/concept/observatieproceduretype/BOD_FYS5,http://www.w3.org/2004/02/skos/core#Concept,be.vlaanderen.bodemenondergrond.data.id.concept.observatieproceduretype.BOD_FYS5,https://data.bodemenondergrond.vlaanderen.be/id/conceptscheme/observatieproceduretype,BOD_FYS5,Bulkdensiteit gemeten op ongestoord staal,https://data.bodemenondergrond.vlaanderen.be/id/conceptscheme/observatieproceduretype,null,null,null
https://data.bodemenondergrond.vlaanderen.be/id/concept/observatieproceduretype/BOD_FYS6,http://www.w3.org/2004/02/skos/core#Concept,be.vlaanderen.bodemenondergrond.data.id.concept.observatieproceduretype.BOD_FYS6,https://data.bodemenondergrond.vlaanderen.be/id/conceptscheme/observatieproceduretype,BOD_FYS6,Ksat Hooghoudt-boorgatmethode,https://data.bodemenondergrond.vlaanderen.be/id/conceptscheme/observatieproceduretype,null,null,null
https://data.bodemenondergrond.vlaanderen.be/id/concept/observatieproceduretype/BOD_FYS7,http://www.w3.org/2004/02/skos/core#Concept,be.vlaanderen.bodemenondergrond.data.id.concept.observatieproceduretype.BOD_FYS7,https://data.bodemenondergrond.vlaanderen.be/id/conceptscheme/observatieproceduretype,BOD_FYS7,Ksat Omgekeerde-Hooghoudt-boorgatmethode,https://data.bodemenondergrond.vlaanderen.be/id/conceptscheme/observatieproceduretype,null,null,null
https://data.bodemenondergrond.vlaanderen.be/id/concept/observatieproceduretype/BOD_FYS8,http://www.w3.org/2004/02/skos/core#Concept,be.vlaanderen.bodemenondergrond.data.id.concept.observatieproceduretype.BOD_FYS8,https://data.bodemenondergrond.vlaanderen.be/id/conceptscheme/observatieproceduretype,BOD_FYS8,Ksat Dubbele-ring-methode,https://data.bodemenondergrond.vlaanderen.be/id/conceptscheme/observatieproceduretype,null,null,null
https://data.bodemenondergrond.vlaanderen.be/id/concept/observatieproceduretype/BOD_FYS9,http://www.w3.org/2004/02/skos/core#Concept,be.vlaanderen.bodemenondergrond.data.id.concept.observatieproceduretype.BOD_FYS9,https://data.bodemenondergrond.vlaanderen.be/id/conceptscheme/observatieproceduretype,BOD_FYS9,Bulkdensiteit bepaald op basis van Kopeckyringen (Cmon analyseprotocol),https://data.bodemenondergrond.vlaanderen.be/id/conceptscheme/observatieproceduretype,null,null,null
https://data.bodemenondergrond.vlaanderen.be/id/concept/observatieproceduretype/BOD_MIN1,http://www.w3.org/2004/02/skos/core#Concept,be.vlaanderen.bodemenondergrond.data.id.concept.observatieproceduretype.BOD_MIN1,https://data.bodemenondergrond.vlaanderen.be/id/conceptscheme/observatieproceduretype,BOD_MIN1,"Mineralogisch onderzoek Fract. Dens. 2,68",https://data.bodemenondergrond.vlaanderen.be/id/conceptscheme/observatieproceduretype,null,null,null
https://data.bodemenondergrond.vlaanderen.be/id/concept/observatieproceduretype/BOD_MIN2,http://www.w3.org/2004/02/skos/core#Concept,be.vlaanderen.bodemenondergrond.data.id.concept.observatieproceduretype.BOD_MIN2,https://data.bodemenondergrond.vlaanderen.be/id/conceptscheme/observatieproceduretype,BOD_MIN2,Mineralogisch onderzoek Fract. groter dan 50 Âµm,https://data.bodemenondergrond.vlaanderen.be/id/conceptscheme/observatieproceduretype,null,null,null
https://data.bodemenondergrond.vlaanderen.be/id/concept/observatieproceduretype/BOD_PFAS,http://www.w3.org/2004/02/skos/core#Concept,be.vlaanderen.bodemenondergrond.data.id.concept.observatieproceduretype.BOD_PFAS,https://data.bodemenondergrond.vlaanderen.be/id/conceptscheme/observatieproceduretype,BOD_PFAS,PFAS in bodem volgens CMA_3_D,https://data.bodemenondergrond.vlaanderen.be/id/conceptscheme/observatieproceduretype,null,null,null
https://data.bodemenondergrond.vlaanderen.be/id/concept/observatieproceduretype/BOD_SPE1,http://www.w3.org/2004/02/skos/core#Concept,be.vlaanderen.bodemenondergrond.data.id.concept.observatieproceduretype.BOD_SPE1,https://data.bodemenondergrond.vlaanderen.be/id/conceptscheme/observatieproceduretype,BOD_SPE1,NIRS met FOSS XDS toestel (Cmon analyseprotocol),https://data.bodemenondergrond.vlaanderen.be/id/conceptscheme/observatieproceduretype,null,null,null
https://data.bodemenondergrond.vlaanderen.be/id/concept/observatieproceduretype/BOD_SPE2,http://www.w3.org/2004/02/skos/core#Concept,be.vlaanderen.bodemenondergrond.data.id.concept.observatieproceduretype.BOD_SPE2,https://data.bodemenondergrond.vlaanderen.be/id/conceptscheme/observatieproceduretype,BOD_SPE2,NIRS met ASD Fieldspec 3 FR spectroradiometer toestel,https://data.bodemenondergrond.vlaanderen.be/id/conceptscheme/observatieproceduretype,null,null,null
https://data.bodemenondergrond.vlaanderen.be/id/concept/observatieproceduretype/BOD_TEX1,http://www.w3.org/2004/02/skos/core#Concept,be.vlaanderen.bodemenondergrond.data.id.concept.observatieproceduretype.BOD_TEX1,https://data.bodemenondergrond.vlaanderen.be/id/conceptscheme/observatieproceduretype,BOD_TEX1,Textuur pipetmethode Robinson-KÃ¶hn,https://data.bodemenondergrond.vlaanderen.be/id/conceptscheme/observatieproceduretype,null,null,null
https://data.bodemenondergrond.vlaanderen.be/id/concept/observatieproceduretype/BOD_TEX2,http://www.w3.org/2004/02/skos/core#Concept,be.vlaanderen.bodemenondergrond.data.id.concept.observatieproceduretype.BOD_TEX2,https://data.bodemenondergrond.vlaanderen.be/id/conceptscheme/observatieproceduretype,BOD_TEX2,Textuur manuele schatting (palpatie),https://data.bodemenondergrond.vlaanderen.be/id/conceptscheme/observatieproceduretype,null,null,null
https://data.bodemenondergrond.vlaanderen.be/id/concept/observatieproceduretype/BOD_TEX3,http://www.w3.org/2004/02/skos/core#Concept,be.vlaanderen.bodemenondergrond.data.id.concept.observatieproceduretype.BOD_TEX3,https://data.bodemenondergrond.vlaanderen.be/id/conceptscheme/observatieproceduretype,BOD_TEX3,Laserdiffractie bodem,https://data.bodemenondergrond.vlaanderen.be/id/conceptscheme/observatieproceduretype,null,null,null
https://data.bodemenondergrond.vlaanderen.be/id/concept/observatieproceduretype/BOD_TEX4,http://www.w3.org/2004/02/skos/core#Concept,be.vlaanderen.bodemenondergrond.data.id.concept.observatieproceduretype.BOD_TEX4,https://data.bodemenondergrond.vlaanderen.be/id/conceptscheme/observatieproceduretype,BOD_TEX4,Pipetmethode van De Leenheer en Van Hove 1956,https://data.bodemenondergrond.vlaanderen.be/id/conceptscheme/observatieproceduretype,null,null,null
https://data.bodemenondergrond.vlaanderen.be/id/concept/observatieproceduretype/BOD_TEX5,http://www.w3.org/2004/02/skos/core#Concept,be.vlaanderen.bodemenondergrond.data.id.concept.observatieproceduretype.BOD_TEX5,https://data.bodemenondergrond.vlaanderen.be/id/conceptscheme/observatieproceduretype,BOD_TEX5,Laserdiffractie bodem (Cmon analyseprotocol),https://data.bodemenondergrond.vlaanderen.be/id/conceptscheme/observatieproceduretype,null,null,null
https://data.bodemenondergrond.vlaanderen.be/id/concept/observatieproceduretype/BOD_TEX6,http://www.w3.org/2004/02/skos/core#Concept,be.vlaanderen.bodemenondergrond.data.id.concept.observatieproceduretype.BOD_TEX6,https://data.bodemenondergrond.vlaanderen.be/id/conceptscheme/observatieproceduretype,BOD_TEX6,Textuurfracties volumeprocent afgeleid op basis van NIRS,https://data.bodemenondergrond.vlaanderen.be/id/conceptscheme/observatieproceduretype,null,null,null
https://data.bodemenondergrond.vlaanderen.be/id/concept/observatieproceduretype/BOD_TEX7,http://www.w3.org/2004/02/skos/core#Concept,be.vlaanderen.bodemenondergrond.data.id.concept.observatieproceduretype.BOD_TEX7,https://data.bodemenondergrond.vlaanderen.be/id/conceptscheme/observatieproceduretype,BOD_TEX7,Berekend - fractie 0-6 Âµm op basis van Laserdiffractie bodem (Cmon analyseprotocol),https://data.bodemenondergrond.vlaanderen.be/id/conceptscheme/observatieproceduretype,null,null,null
https://data.bodemenondergrond.vlaanderen.be/id/concept/observatieproceduretype/BOD_TEX8,http://www.w3.org/2004/02/skos/core#Concept,be.vlaanderen.bodemenondergrond.data.id.concept.observatieproceduretype.BOD_TEX8,https://data.bodemenondergrond.vlaanderen.be/id/conceptscheme/observatieproceduretype,BOD_TEX8,Berekend - fractie 6-63 Âµm op basis van Laserdiffractie bodem (Cmon analyseprotocol),https://data.bodemenondergrond.vlaanderen.be/id/conceptscheme/observatieproceduretype,null,null,null
https://data.bodemenondergrond.vlaanderen.be/id/concept/observatieproceduretype/BOD_TEX9,http://www.w3.org/2004/02/skos/core#Concept,be.vlaanderen.bodemenondergrond.data.id.concept.observatieproceduretype.BOD_TEX9,https://data.bodemenondergrond.vlaanderen.be/id/conceptscheme/observatieproceduretype,BOD_TEX9,Berekend - fractie 63-2000 Âµm op basis van Laserdiffractie bodem (Cmon analyseprotocol),https://data.bodemenondergrond.vlaanderen.be/id/conceptscheme/observatieproceduretype,null,null,null
https://data.bodemenondergrond.vlaanderen.be/id/concept/observatieproceduretype/CMON_PA1,http://www.w3.org/2004/02/skos/core#Concept,be.vlaanderen.bodemenondergrond.data.id.concept.observatieproceduretype.CMON_PA1,https://data.bodemenondergrond.vlaanderen.be/id/conceptscheme/observatieproceduretype,CMON_PA1,Cmon analyseprotocol,https://data.bodemenondergrond.vlaanderen.be/id/conceptscheme/observatieproceduretype,null,null,null
https://data.bodemenondergrond.vlaanderen.be/id/concept/observatieproceduretype/CMON_PS1,http://www.w3.org/2004/02/skos/core#Concept,be.vlaanderen.bodemenondergrond.data.id.concept.observatieproceduretype.CMON_PS1,https://data.bodemenondergrond.vlaanderen.be/id/conceptscheme/observatieproceduretype,CMON_PS1,Cmon staalnameprotocol,https://data.bodemenondergrond.vlaanderen.be/id/conceptscheme/observatieproceduretype,null,null,null
https://data.bodemenondergrond.vlaanderen.be/id/concept/observatieproceduretype/CMON_PS2,http://www.w3.org/2004/02/skos/core#Concept,be.vlaanderen.bodemenondergrond.data.id.concept.observatieproceduretype.CMON_PS2,https://data.bodemenondergrond.vlaanderen.be/id/conceptscheme/observatieproceduretype,CMON_PS2,Cmon staalnameprotocol obstakel geroerd monster,https://data.bodemenondergrond.vlaanderen.be/id/conceptscheme/observatieproceduretype,null,null,null
https://data.bodemenondergrond.vlaanderen.be/id/concept/observatieproceduretype/CMON_PS3,http://www.w3.org/2004/02/skos/core#Concept,be.vlaanderen.bodemenondergrond.data.id.concept.observatieproceduretype.CMON_PS3,https://data.bodemenondergrond.vlaanderen.be/id/conceptscheme/observatieproceduretype,CMON_PS3,Cmon staalnameprotocol obstakel ongeroerd monster,https://data.bodemenondergrond.vlaanderen.be/id/conceptscheme/observatieproceduretype,null,null,null
https://data.bodemenondergrond.vlaanderen.be/id/concept/observatieproceduretype/DL1,http://www.w3.org/2004/02/skos/core#Concept,be.vlaanderen.bodemenondergrond.data.id.concept.observatieproceduretype.DL1,https://data.bodemenondergrond.vlaanderen.be/id/conceptscheme/observatieproceduretype,DL1,Doorlatendheid in tx cel,https://data.bodemenondergrond.vlaanderen.be/id/conceptscheme/observatieproceduretype,null,null,null
https://data.bodemenondergrond.vlaanderen.be/id/concept/observatieproceduretype/GW_PFAS,http://www.w3.org/2004/02/skos/core#Concept,be.vlaanderen.bodemenondergrond.data.id.concept.observatieproceduretype.GW_PFAS,https://data.bodemenondergrond.vlaanderen.be/id/conceptscheme/observatieproceduretype,GW_PFAS,PFAS in water volgens WAC_IV_A_025,https://data.bodemenondergrond.vlaanderen.be/id/conceptscheme/observatieproceduretype,null,null,null
https://data.bodemenondergrond.vlaanderen.be/id/concept/observatieproceduretype/KPIP,http://www.w3.org/2004/02/skos/core#Concept,be.vlaanderen.bodemenondergrond.data.id.concept.observatieproceduretype.KPIP,https://data.bodemenondergrond.vlaanderen.be/id/conceptscheme/observatieproceduretype,KPIP,Pipette,https://data.bodemenondergrond.vlaanderen.be/id/conceptscheme/observatieproceduretype,null,null,null
https://data.bodemenondergrond.vlaanderen.be/id/concept/observatieproceduretype/KSED,http://www.w3.org/2004/02/skos/core#Concept,be.vlaanderen.bodemenondergrond.data.id.concept.observatieproceduretype.KSED,https://data.bodemenondergrond.vlaanderen.be/id/conceptscheme/observatieproceduretype,KSED,Sedigraaf,https://data.bodemenondergrond.vlaanderen.be/id/conceptscheme/observatieproceduretype,null,null,null
https://data.bodemenondergrond.vlaanderen.be/id/concept/observatieproceduretype/KZNK,http://www.w3.org/2004/02/skos/core#Concept,be.vlaanderen.bodemenondergrond.data.id.concept.observatieproceduretype.KZNK,https://data.bodemenondergrond.vlaanderen.be/id/conceptscheme/observatieproceduretype,KZNK,Bezinkingsproef,https://data.bodemenondergrond.vlaanderen.be/id/conceptscheme/observatieproceduretype,null,null,null
https://data.bodemenondergrond.vlaanderen.be/id/concept/observatieproceduretype/SON_CM,http://www.w3.org/2004/02/skos/core#Concept,be.vlaanderen.bodemenondergrond.data.id.concept.observatieproceduretype.SON_CM,https://data.bodemenondergrond.vlaanderen.be/id/conceptscheme/observatieproceduretype,SON_CM,continu mechanisch,https://data.bodemenondergrond.vlaanderen.be/id/conceptscheme/observatieproceduretype,null,null,null
https://data.bodemenondergrond.vlaanderen.be/id/concept/observatieproceduretype/SON_DM,http://www.w3.org/2004/02/skos/core#Concept,be.vlaanderen.bodemenondergrond.data.id.concept.observatieproceduretype.SON_DM,https://data.bodemenondergrond.vlaanderen.be/id/conceptscheme/observatieproceduretype,SON_DM,discontinu mechanisch,https://data.bodemenondergrond.vlaanderen.be/id/conceptscheme/observatieproceduretype,null,null,null
https://data.bodemenondergrond.vlaanderen.be/id/concept/observatieproceduretype/SON_E,http://www.w3.org/2004/02/skos/core#Concept,be.vlaanderen.bodemenondergrond.data.id.concept.observatieproceduretype.SON_E,https://data.bodemenondergrond.vlaanderen.be/id/conceptscheme/observatieproceduretype,SON_E,continu elektrisch,https://data.bodemenondergrond.vlaanderen.be/id/conceptscheme/observatieproceduretype,null,null,null
https://data.bodemenondergrond.vlaanderen.be/id/concept/observatieproceduretype/Stijfheid1,http://www.w3.org/2004/02/skos/core#Concept,be.vlaanderen.bodemenondergrond.data.id.concept.observatieproceduretype.Stijfheid1,https://data.bodemenondergrond.vlaanderen.be/id/conceptscheme/observatieproceduretype,Stijfheid1,Samendrukkingsproef/Oedometerproef,https://data.bodemenondergrond.vlaanderen.be/id/conceptscheme/observatieproceduretype,null,null,null
https://data.bodemenondergrond.vlaanderen.be/id/concept/observatieproceduretype/Stijfheid2,http://www.w3.org/2004/02/skos/core#Concept,be.vlaanderen.bodemenondergrond.data.id.concept.observatieproceduretype.Stijfheid2,https://data.bodemenondergrond.vlaanderen.be/id/conceptscheme/observatieproceduretype,Stijfheid2,Zwelproef volgens ASTM D4546-14 methode B,https://data.bodemenondergrond.vlaanderen.be/id/conceptscheme/observatieproceduretype,null,null,null
https://data.bodemenondergrond.vlaanderen.be/id/concept/observatieproceduretype/Stijfheid3,http://www.w3.org/2004/02/skos/core#Concept,be.vlaanderen.bodemenondergrond.data.id.concept.observatieproceduretype.Stijfheid3,https://data.bodemenondergrond.vlaanderen.be/id/conceptscheme/observatieproceduretype,Stijfheid3,Zwelproef volgens XP P94-091:1995,https://data.bodemenondergrond.vlaanderen.be/id/conceptscheme/observatieproceduretype,null,null,null
https://data.bodemenondergrond.vlaanderen.be/id/concept/observatieproceduretype/Stijfheid4,http://www.w3.org/2004/02/skos/core#Concept,be.vlaanderen.bodemenondergrond.data.id.concept.observatieproceduretype.Stijfheid4,https://data.bodemenondergrond.vlaanderen.be/id/conceptscheme/observatieproceduretype,Stijfheid4,Constant Rate of Strain (CRS),https://data.bodemenondergrond.vlaanderen.be/id/conceptscheme/observatieproceduretype,null,null,null
https://data.bodemenondergrond.vlaanderen.be/id/concept/observatieproceduretype/WM,http://www.w3.org/2004/02/skos/core#Concept,be.vlaanderen.bodemenondergrond.data.id.concept.observatieproceduretype.WM,https://data.bodemenondergrond.vlaanderen.be/id/conceptscheme/observatieproceduretype,WM,Visuele waarneming,https://data.bodemenondergrond.vlaanderen.be/id/conceptscheme/observatieproceduretype,null,null,null
https://data.bodemenondergrond.vlaanderen.be/id/conceptscheme/observatieproceduretype,http://www.w3.org/2004/02/skos/core#ConceptScheme,be.vlaanderen.bodemenondergrond.data.id.conceptscheme.observatieproceduretype,null,null,Codelijst observatieproceduretype.,null,Beschrijving welke procedure.,https://data.bodemenondergrond.vlaanderen.be/id/concept/observatieproceduretype/0|https://data.bodemenondergrond.vlaanderen.be/id/concept/observatieproceduretype/10|https://data.bodemenondergrond.vlaanderen.be/id/concept/observatieproceduretype/110|https://data.bodemenondergrond.vlaanderen.be/id/concept/observatieproceduretype/111|https://data.bodemenondergrond.vlaanderen.be/id/concept/observatieproceduretype/112|https://data.bodemenondergrond.vlaanderen.be/id/concept/observatieproceduretype/113|https://data.bodemenondergrond.vlaanderen.be/id/concept/observatieproceduretype/115|https://data.bodemenondergrond.vlaanderen.be/id/concept/observatieproceduretype/116|https://data.bodemenondergrond.vlaanderen.be/id/concept/observatieproceduretype/117|https://data.bodemenondergrond.vlaanderen.be/id/concept/observatieproceduretype/118|https://data.bodemenondergrond.vlaanderen.be/id/concept/observatieproceduretype/119|https://data.bodemenondergrond.vlaanderen.be/id/concept/observatieproceduretype/11|https://data.bodemenondergrond.vlaanderen.be/id/concept/observatieproceduretype/120|https://data.bodemenondergrond.vlaanderen.be/id/concept/observatieproceduretype/12|https://data.bodemenondergrond.vlaanderen.be/id/concept/observatieproceduretype/134|https://data.bodemenondergrond.vlaanderen.be/id/concept/observatieproceduretype/136|https://data.bodemenondergrond.vlaanderen.be/id/concept/observatieproceduretype/137|https://data.bodemenondergrond.vlaanderen.be/id/concept/observatieproceduretype/138|https://data.bodemenondergrond.vlaanderen.be/id/concept/observatieproceduretype/13|https://data.bodemenondergrond.vlaanderen.be/id/concept/observatieproceduretype/14|https://data.bodemenondergrond.vlaanderen.be/id/concept/observatieproceduretype/156|https://data.bodemenondergrond.vlaanderen.be/id/concept/observatieproceduretype/15|https://data.bodemenondergrond.vlaanderen.be/id/concept/observatieproceduretype/16|https://data.bodemenondergrond.vlaanderen.be/id/concept/observatieproceduretype/17|https://data.bodemenondergrond.vlaanderen.be/id/concept/observatieproceduretype/18|https://data.bodemenondergrond.vlaanderen.be/id/concept/observatieproceduretype/19|https://data.bodemenondergrond.vlaanderen.be/id/concept/observatieproceduretype/1|https://data.bodemenondergrond.vlaanderen.be/id/concept/observatieproceduretype/200|https://data.bodemenondergrond.vlaanderen.be/id/concept/observatieproceduretype/201|https://data.bodemenondergrond.vlaanderen.be/id/concept/observatieproceduretype/202|https://data.bodemenondergrond.vlaanderen.be/id/concept/observatieproceduretype/203|https://data.bodemenondergrond.vlaanderen.be/id/concept/observatieproceduretype/204|https://data.bodemenondergrond.vlaanderen.be/id/concept/observatieproceduretype/205|https://data.bodemenondergrond.vlaanderen.be/id/concept/observatieproceduretype/20|https://data.bodemenondergrond.vlaanderen.be/id/concept/observatieproceduretype/21|https://data.bodemenondergrond.vlaanderen.be/id/concept/observatieproceduretype/22|https://data.bodemenondergrond.vlaanderen.be/id/concept/observatieproceduretype/23|https://data.bodemenondergrond.vlaanderen.be/id/concept/observatieproceduretype/24|https://data.bodemenondergrond.vlaanderen.be/id/concept/observatieproceduretype/25|https://data.bodemenondergrond.vlaanderen.be/id/concept/observatieproceduretype/26|https://data.bodemenondergrond.vlaanderen.be/id/concept/observatieproceduretype/27|https://data.bodemenondergrond.vlaanderen.be/id/concept/observatieproceduretype/28|https://data.bodemenondergrond.vlaanderen.be/id/concept/observatieproceduretype/29|https://data.bodemenondergrond.vlaanderen.be/id/concept/observatieproceduretype/2|https://data.bodemenondergrond.vlaanderen.be/id/concept/observatieproceduretype/300|https://data.bodemenondergrond.vlaanderen.be/id/concept/observatieproceduretype/301|https://data.bodemenondergrond.vlaanderen.be/id/concept/observatieproceduretype/304|https://data.bodemenondergrond.vlaanderen.be/id/concept/observatieproceduretype/305|https://data.bodemenondergrond.vlaanderen.be/id/concept/observatieproceduretype/306|https://data.bodemenondergrond.vlaanderen.be/id/concept/observatieproceduretype/30|https://data.bodemenondergrond.vlaanderen.be/id/concept/observatieproceduretype/31|https://data.bodemenondergrond.vlaanderen.be/id/concept/observatieproceduretype/32|https://data.bodemenondergrond.vlaanderen.be/id/concept/observatieproceduretype/33|https://data.bodemenondergrond.vlaanderen.be/id/concept/observatieproceduretype/34|https://data.bodemenondergrond.vlaanderen.be/id/concept/observatieproceduretype/35|https://data.bodemenondergrond.vlaanderen.be/id/concept/observatieproceduretype/36|https://data.bodemenondergrond.vlaanderen.be/id/concept/observatieproceduretype/37|https://data.bodemenondergrond.vlaanderen.be/id/concept/observatieproceduretype/38|https://data.bodemenondergrond.vlaanderen.be/id/concept/observatieproceduretype/39|https://data.bodemenondergrond.vlaanderen.be/id/concept/observatieproceduretype/3|https://data.bodemenondergrond.vlaanderen.be/id/concept/observatieproceduretype/40|https://data.bodemenondergrond.vlaanderen.be/id/concept/observatieproceduretype/4|https://data.bodemenondergrond.vlaanderen.be/id/concept/observatieproceduretype/500|https://data.bodemenondergrond.vlaanderen.be/id/concept/observatieproceduretype/502|https://data.bodemenondergrond.vlaanderen.be/id/concept/observatieproceduretype/5|https://data.bodemenondergrond.vlaanderen.be/id/concept/observatieproceduretype/6|https://data.bodemenondergrond.vlaanderen.be/id/concept/observatieproceduretype/7|https://data.bodemenondergrond.vlaanderen.be/id/concept/observatieproceduretype/8|https://data.bodemenondergrond.vlaanderen.be/id/concept/observatieproceduretype/9|https://data.bodemenondergrond.vlaanderen.be/id/concept/observatieproceduretype/BOC1|https://data.bodemenondergrond.vlaanderen.be/id/concept/observatieproceduretype/BOC2|https://data.bodemenondergrond.vlaanderen.be/id/concept/observatieproceduretype/BOC3|https://data.bodemenondergrond.vlaanderen.be/id/concept/observatieproceduretype/BOC4|https://data.bodemenondergrond.vlaanderen.be/id/concept/observatieproceduretype/BOC5|https://data.bodemenondergrond.vlaanderen.be/id/concept/observatieproceduretype/BOD_ALG1|https://data.bodemenondergrond.vlaanderen.be/id/concept/observatieproceduretype/BOD_ALG2|https://data.bodemenondergrond.vlaanderen.be/id/concept/observatieproceduretype/BOD_BEM1|https://data.bodemenondergrond.vlaanderen.be/id/concept/observatieproceduretype/BOD_BEM2|https://data.bodemenondergrond.vlaanderen.be/id/concept/observatieproceduretype/BOD_CHEM10|https://data.bodemenondergrond.vlaanderen.be/id/concept/observatieproceduretype/BOD_CHEM11|https://data.bodemenondergrond.vlaanderen.be/id/concept/observatieproceduretype/BOD_CHEM12|https://data.bodemenondergrond.vlaanderen.be/id/concept/observatieproceduretype/BOD_CHEM13|https://data.bodemenondergrond.vlaanderen.be/id/concept/observatieproceduretype/BOD_CHEM14|https://data.bodemenondergrond.vlaanderen.be/id/concept/observatieproceduretype/BOD_CHEM15|https://data.bodemenondergrond.vlaanderen.be/id/concept/observatieproceduretype/BOD_CHEM16|https://data.bodemenondergrond.vlaanderen.be/id/concept/observatieproceduretype/BOD_CHEM17|https://data.bodemenondergrond.vlaanderen.be/id/concept/observatieproceduretype/BOD_CHEM18|https://data.bodemenondergrond.vlaanderen.be/id/concept/observatieproceduretype/BOD_CHEM19|https://data.bodemenondergrond.vlaanderen.be/id/concept/observatieproceduretype/BOD_CHEM1|https://data.bodemenondergrond.vlaanderen.be/id/concept/observatieproceduretype/BOD_CHEM20|https://data.bodemenondergrond.vlaanderen.be/id/concept/observatieproceduretype/BOD_CHEM21|https://data.bodemenondergrond.vlaanderen.be/id/concept/observatieproceduretype/BOD_CHEM22|https://data.bodemenondergrond.vlaanderen.be/id/concept/observatieproceduretype/BOD_CHEM23|https://data.bodemenondergrond.vlaanderen.be/id/concept/observatieproceduretype/BOD_CHEM24|https://data.bodemenondergrond.vlaanderen.be/id/concept/observatieproceduretype/BOD_CHEM25|https://data.bodemenondergrond.vlaanderen.be/id/concept/observatieproceduretype/BOD_CHEM26|https://data.bodemenondergrond.vlaanderen.be/id/concept/observatieproceduretype/BOD_CHEM27|https://data.bodemenondergrond.vlaanderen.be/id/concept/observatieproceduretype/BOD_CHEM28|https://data.bodemenondergrond.vlaanderen.be/id/concept/observatieproceduretype/BOD_CHEM2|https://data.bodemenondergrond.vlaanderen.be/id/concept/observatieproceduretype/BOD_CHEM3|https://data.bodemenondergrond.vlaanderen.be/id/concept/observatieproceduretype/BOD_CHEM4|https://data.bodemenondergrond.vlaanderen.be/id/concept/observatieproceduretype/BOD_CHEM5|https://data.bodemenondergrond.vlaanderen.be/id/concept/observatieproceduretype/BOD_CHEM6|https://data.bodemenondergrond.vlaanderen.be/id/concept/observatieproceduretype/BOD_CHEM7|https://data.bodemenondergrond.vlaanderen.be/id/concept/observatieproceduretype/BOD_CHEM8|https://data.bodemenondergrond.vlaanderen.be/id/concept/observatieproceduretype/BOD_CHEM9|https://data.bodemenondergrond.vlaanderen.be/id/concept/observatieproceduretype/BOD_FYS10|https://data.bodemenondergrond.vlaanderen.be/id/concept/observatieproceduretype/BOD_FYS11|https://data.bodemenondergrond.vlaanderen.be/id/concept/observatieproceduretype/BOD_FYS12|https://data.bodemenondergrond.vlaanderen.be/id/concept/observatieproceduretype/BOD_FYS13|https://data.bodemenondergrond.vlaanderen.be/id/concept/observatieproceduretype/BOD_FYS14|https://data.bodemenondergrond.vlaanderen.be/id/concept/observatieproceduretype/BOD_FYS15|https://data.bodemenondergrond.vlaanderen.be/id/concept/observatieproceduretype/BOD_FYS16|https://data.bodemenondergrond.vlaanderen.be/id/concept/observatieproceduretype/BOD_FYS1|https://data.bodemenondergrond.vlaanderen.be/id/concept/observatieproceduretype/BOD_FYS2|https://data.bodemenondergrond.vlaanderen.be/id/concept/observatieproceduretype/BOD_FYS3|https://data.bodemenondergrond.vlaanderen.be/id/concept/observatieproceduretype/BOD_FYS4|https://data.bodemenondergrond.vlaanderen.be/id/concept/observatieproceduretype/BOD_FYS5|https://data.bodemenondergrond.vlaanderen.be/id/concept/observatieproceduretype/BOD_FYS6|https://data.bodemenondergrond.vlaanderen.be/id/concept/observatieproceduretype/BOD_FYS7|https://data.bodemenondergrond.vlaanderen.be/id/concept/observatieproceduretype/BOD_FYS8|https://data.bodemenondergrond.vlaanderen.be/id/concept/observatieproceduretype/BOD_FYS9|https://data.bodemenondergrond.vlaanderen.be/id/concept/observatieproceduretype/BOD_MIN1|https://data.bodemenondergrond.vlaanderen.be/id/concept/observatieproceduretype/BOD_MIN2|https://data.bodemenondergrond.vlaanderen.be/id/concept/observatieproceduretype/BOD_PFAS|https://data.bodemenondergrond.vlaanderen.be/id/concept/observatieproceduretype/BOD_SPE1|https://data.bodemenondergrond.vlaanderen.be/id/concept/observatieproceduretype/BOD_SPE2|https://data.bodemenondergrond.vlaanderen.be/id/concept/observatieproceduretype/BOD_TEX1|https://data.bodemenondergrond.vlaanderen.be/id/concept/observatieproceduretype/BOD_TEX2|https://data.bodemenondergrond.vlaanderen.be/id/concept/observatieproceduretype/BOD_TEX3|https://data.bodemenondergrond.vlaanderen.be/id/concept/observatieproceduretype/BOD_TEX4|https://data.bodemenondergrond.vlaanderen.be/id/concept/observatieproceduretype/BOD_TEX5|https://data.bodemenondergrond.vlaanderen.be/id/concept/observatieproceduretype/BOD_TEX6|https://data.bodemenondergrond.vlaanderen.be/id/concept/observatieproceduretype/BOD_TEX7|https://data.bodemenondergrond.vlaanderen.be/id/concept/observatieproceduretype/BOD_TEX8|https://data.bodemenondergrond.vlaanderen.be/id/concept/observatieproceduretype/BOD_TEX9|https://data.bodemenondergrond.vlaanderen.be/id/concept/observatieproceduretype/CMON_PA1|https://data.bodemenondergrond.vlaanderen.be/id/concept/observatieproceduretype/CMON_PS1|https://data.bodemenondergrond.vlaanderen.be/id/concept/observatieproceduretype/CMON_PS2|https://data.bodemenondergrond.vlaanderen.be/id/concept/observatieproceduretype/CMON_PS3|https://data.bodemenondergrond.vlaanderen.be/id/concept/observatieproceduretype/DL1|https://data.bodemenondergrond.vlaanderen.be/id/concept/observatieproceduretype/GW_PFAS|https://data.bodemenondergrond.vlaanderen.be/id/concept/observatieproceduretype/KPIP|https://data.bodemenondergrond.vlaanderen.be/id/concept/observatieproceduretype/KSED|https://data.bodemenondergrond.vlaanderen.be/id/concept/observatieproceduretype/KZNK|https://data.bodemenondergrond.vlaanderen.be/id/concept/observatieproceduretype/SON_CM|https://data.bodemenondergrond.vlaanderen.be/id/concept/observatieproceduretype/SON_DM|https://data.bodemenondergrond.vlaanderen.be/id/concept/observatieproceduretype/SON_E|https://data.bodemenondergrond.vlaanderen.be/id/concept/observatieproceduretype/Stijfheid1|https://data.bodemenondergrond.vlaanderen.be/id/concept/observatieproceduretype/Stijfheid2|https://data.bodemenondergrond.vlaanderen.be/id/concept/observatieproceduretype/Stijfheid3|https://data.bodemenondergrond.vlaanderen.be/id/concept/observatieproceduretype/Stijfheid4|https://data.bodemenondergrond.vlaanderen.be/id/concept/observatieproceduretype/WM,Beschrijving welke procedure.